_id,facility_name,facility_submission_status,infected_residents,infected_staff,resident_deaths
1,1717 SENIOR LIVING,Data Submitted,0,0,0
2,ADAMS HERITAGE,Data Submitted,0,< 5,0
3,ADAMS WOODCREST,Data Submitted,< 5,< 5,0
4,ADDISON PLACE,Data Submitted,11,< 5,< 5
5,ADDISON POINTE HEALTH & REHABILITATION CENTER,Data Submitted,22,8,7
6,ALBANY HEALTH CARE & REHABILITATION CENTER,Data Submitted,45,29,6
7,ALEXANDRIA CARE CENTER,Data Submitted,8,7,< 5
8,ALLISON POINTE HEALTHCARE CENTER,Data Submitted,0,0,0
9,ALLISON POINTE HEALTHCARE CENTER,Data Submitted,68,10,11
10,ALPHA HOME - A WATERS COMMUNITY,Data Submitted,54,7,19
11,ALTENHEIM HEALTH & LIVING COMMUNITY,Data Submitted,0,11,0
12,AMBASSADOR HEALTHCARE,Data Submitted,0,0,0
13,AMBER MANOR CARE CENTER,Data Submitted,51,41,8
14,ANSON SENIOR LIVING,Data Submitted,0,0,0
15,ANTHOLOGY OF MERIDIAN HILLS,Data Submitted,5,< 5,< 5
16,APERION CARE ANGOLA,Data Submitted,< 5,< 5,< 5
17,APERION CARE ARBORS MICHIGAN CITY,Data Submitted,10,< 5,< 5
18,APERION CARE DEMOTTE,Data Submitted,41,8,9
19,APERION CARE FORT WAYNE,Data Submitted,20,8,5
20,APERION CARE FRANKFORT,Data Submitted,< 5,< 5,0
21,APERION CARE KOKOMO,Data Submitted,27,10,< 5
22,APERION CARE MARION,Data Submitted,< 5,< 5,0
23,APERION CARE PERU,Data Submitted,0,0,0
24,APERION CARE SPENCER,Data Submitted,< 5,< 5,0
25,APERION CARE TOLLESTON PARK,Data Submitted,43,20,7
26,APERION CARE UNIVERSITY PARK,Data Submitted,< 5,5,0
27,APERION CARE WALDRON,Data Submitted,28,10,< 5
28,APERION ESTATES PERU,Data Submitted,0,< 5,0
29,APPLE RIDGE ASSISTED LIVING AND MEMORY CARE,Data Submitted,< 5,< 5,0
30,ARBOR TRACE HEALTH & LIVING COMMUNITY,Data Submitted,< 5,< 5,< 5
31,ARLINGTON PLACE HEALTH CAMPUS,Data Submitted,< 5,10,< 5
32,ASBURY TOWERS HEALTH CARE CENTER,Data Submitted,27,18,< 5
33,ASHFORD PLACE HEALTH CAMPUS,Data Submitted,< 5,< 5,0
34,ASHTON CREEK HEALTH AND REHABILITATION CENTER,Data Submitted,33,9,< 5
35,ASPEN PLACE HEALTH CAMPUS,Data Submitted,< 5,< 5,0
36,ASPEN TRACE HEALTH & LIVING COMMUNITY,Data Submitted,0,< 5,0
37,ASSISTED LIVING AT ROMWEBER FLATS,Data Submitted,< 5,0,0
38,HHC-ASC ASTER PLACE ASSISTED LIVING,Data Submitted,0,0,0
39,AUBURN VILLAGE,Data Submitted,< 5,< 5,0
40,AUTUMN GLEN,Data Submitted,0,0,0
41,AUTUMN HILLS ALZHEIMER'S SPECIAL CARE CENTER,Data Submitted,0,0,0
42,AUTUMN WOODS HEALTH CAMPUS,Data Submitted,< 5,6,0
43,AVALON SPRINGS HEALTH CAMPUS,Data Submitted,< 5,6,0
44,AVON HEALTH & REHABILITATION CENTER,Data Submitted,36,17,13
45,AZALEA HILLS,Data Submitted,0,0,0
46,BARRINGTON OF CARMEL,Data Submitted,11,13,0
47,BELL OAKS PLACE,Data Submitted,8,6,0
48,BELL TRACE HEALTH AND LIVING CENTER,Data Submitted,14,5,< 5
49,BELLTOWER HEALTH & REHABILITATION CENTER,Data Submitted,0,0,0
50,BELVEDERE SENIOR HOUSING,Data Submitted,0,< 5,0
51,BENNETT PLACE,Data Submitted,0,0,0
52,BERTHA D GARTEN KETCHAM MEMORIAL CENTER,Data Submitted,28,24,14
53,BETHANY POINTE HEALTH CAMPUS,Data Submitted,76,62,27
54,BETHEL MANOR,Data Submitted,0,< 5,0
55,BETHEL POINTE HEALTH AND REHAB,Data Submitted,0,< 5,0
56,BICKFORD OF CARMEL,Data Submitted,0,0,0
57,BICKFORD OF CROWN POINT,Data Submitted,0,0,0
58,BICKFORD OF GREENWOOD,Data Submitted,0,0,0
59,BLAIR RIDGE HEALTH CAMPUS,Data Submitted,0,< 5,0
60,BLISS PLACE,Data Submitted,0,< 5,0
61,BLOOM AT EAGLE CREEK,Data Submitted,7,< 5,< 5
62,BLOOM AT GERMAN CHURCH,Data Submitted,0,0,0
63,BLOOM AT KOKOMO,Data Submitted,13,8,< 5
64,BLOOMINGTON NURSING AND REHABILITATION CENTER,Data Submitted,25,< 5,< 5
65,BLUFFTON REGIONAL MEDICAL CENTER CONTINUING CARE,Data Submitted,0,< 5,0
66,BRAUN'S NURSING HOME,Data Submitted,< 5,< 5,0
67,BRECKENRIDGE COMMONS,Data Submitted,0,0,0
68,BRECKENRIDGE HEALTH & REHABILITATION,Data Submitted,0,< 5,0
69,BRENTWOOD AT HOBART,Data Submitted,< 5,7,0
70,BRENTWOOD AT LAPORTE,Data Submitted,0,0,0
71,BRIARCLIFF HEALTH & REHABILITATION CENTER,Data Submitted,< 5,7,0
72,BRIDGE AT GARDEN PLAZA,Data Submitted,< 5,0,< 5
73,BRIDGEPOINTE HEALTH CAMPUS,Data Submitted,0,< 5,0
74,BRIDGEWATER HEALTHCARE CENTER,Data Submitted,< 5,< 5,0
75,BRIDGEWATER REHABILITATION CENTRE,Data Submitted,0,< 5,0
76,BRIGHTSTAR SENIOR LIVING OF FORT WAYNE,Data Submitted,0,0,0
77,BROOKDALE BLOOMINGTON,Data Submitted,0,0,0
78,BROOKDALE CARMEL,Data Submitted,16,6,< 5
79,BROOKDALE FORT WAYNE,Data Submitted,< 5,5,0
80,BROOKDALE GRANGER,Data Submitted,0,< 5,0
81,BROOKDALE RICHMOND,Data Submitted,0,< 5,0
82,BROOKDALE SOUTH BEND,Data Submitted,8,< 5,< 5
83,BROOKDALE VALPARAISO,Data Submitted,< 5,< 5,0
84,BROOKE KNOLL VILLAGE,Data Submitted,14,7,< 5
85,BROOKSIDE CARE STRATEGIES,Data Submitted,0,0,0
86,BROOKSIDE VILLAGE,Data Submitted,< 5,6,< 5
87,BROOKVILLE HEALTHCARE CENTER,Data Submitted,28,16,13
88,BROWN COUNTY HEALTH AND LIVING COMMUNITY,Data Submitted,0,0,0
89,BROWNSBURG HEALTH CARE CENTER,Data Submitted,27,13,11
90,HHC-ASC BROWNSBURG MEADOWS ASSISTED LIVING,Data Submitted,64,22,26
91,BYRON HEALTH CENTER,Data Submitted,0,5,0
92,CAMELOT CARE CENTER,Data Submitted,< 5,< 5,0
93,CANNON INN ASSISTED LIVING,Data Submitted,0,0,0
94,CARMEL HEALTH & LIVING COMMUNITY,Data Submitted,43,16,16
95,CARMEL SENIOR LIVING,Data Submitted,0,0,0
96,CAROLETON HEALTHCARE CENTER,Data Submitted,0,5,0
97,CASTLETON HEALTH CARE CENTER,Data Submitted,< 5,< 5,0
98,CATHEDRAL HEALTH CARE CENTER,Data Submitted,0,< 5,0
99,CATHERINE KASPER HOME,Data Submitted,0,0,0
100,CEDAR CREEK HEALTH CAMPUS,Data Submitted,29,9,9
101,CENTURY VILLA HEALTH CARE,Data Submitted,36,25,12
102,CHALET VILLAGE HEALTH AND REHABILITATION CENTER,Data Submitted,0,0,0
103,CHANDLER PLACE,Data Submitted,0,0,0
104,CHAPMAN PLACE,Data Submitted,0,0,0
105,CHARLES FORD MEMORIAL HOME,Data Submitted,0,0,0
106,CHASE CENTER,Data Submitted,0,< 5,0
107,CHATEAU OF BATESVILLE,Data Submitted,< 5,< 5,0
108,CHESTERTON MANOR,Data Submitted,0,< 5,0
109,CHRISTIAN CARE RETIREMENT COMMUNITY,Data Submitted,< 5,7,< 5
110,CHRISTINA PLACE,Data Submitted,0,0,0
111,CLARENDALE OF SCHERERVILLE,Data Submitted,7,5,< 5
112,CLARKSVILLE SENIOR LIVING,Data Submitted,0,< 5,0
113,CLEARVISTA LAKE HEALTH CAMPUS,Data Submitted,< 5,9,0
114,CLOVERLEAF OF KNIGHTSVILLE,Data Submitted,< 5,7,0
115,COBBLESTONE CROSSINGS HEALTH CAMPUS,Data Submitted,< 5,5,0
116,COLONIAL NURSING HOME,Data Submitted,0,< 5,0
117,COLONIAL OAKS HEALTH CARE CENTER,Data Submitted,58,37,18
118,COLUMBUS TRANSITIONAL CARE AND REHABILITATION,Data Submitted,101,18,28
119,COMPASS PARK - INDIANA MASONIC HOME,Data Submitted,< 5,< 5,< 5
120,COPPER TRACE HEALTH & LIVING COMMUNITY,Data Submitted,< 5,< 5,< 5
121,CORE OF BEDFORD,Data Submitted,0,6,0
122,CORE OF DALE,Data Submitted,32,13,< 5
123,COUNTRY CHARM,Data Submitted,5,< 5,< 5
124,COUNTRYSIDE MANOR HEALTH & LIVING COMMUNITY,Data Submitted,39,26,5
125,COURTYARD HEALTHCARE CENTER,Data Submitted,37,31,10
126,HHC-ASC COVENTRY MEADOWS ASSISTED LIVING,Data Submitted,0,< 5,0
127,COVERED BRIDGE HEALTH CAMPUS,Data Submitted,< 5,< 5,0
128,CRAWFORDSVILLE BICKFORD COTTAGE,Data Submitted,15,< 5,0
129,CREASY SPRINGS HEALTH CAMPUS,Data Submitted,< 5,< 5,0
130,CREEKSIDE HEALTH AND REHABILITATION CENTER,Data Submitted,51,35,18
131,CRESTWOOD VILLAGE SOUTH APARTMENTS,Data Submitted,< 5,< 5,0
132,CROWN POINT CHRISTIAN VILLAGE,Data Submitted,9,7,< 5
133,CROWN POINTE SENIOR LIVING COMMUNITY,Data Submitted,0,< 5,0
134,CROWN SENIOR LIVING,Data Submitted,0,< 5,0
135,CROWNPOINTE OF ANDERSON,Data Submitted,6,< 5,< 5
136,CROWNPOINTE OF CARMEL,Data Submitted,0,0,0
137,CROWNPOINTE OF GREENFIELD,Data Submitted,0,< 5,0
138,CROWNPOINTE OF HARTFORD CITY,Data Submitted,0,0,0
139,CROWNPOINTE OF INDIANAPOLIS,Data Submitted,< 5,< 5,0
140,CROWNPOINTE OF LEBANON,Data Submitted,< 5,0,0
141,CROWNPOINTE OF PORTLAND,Data Submitted,0,0,0
142,CUMBERLAND POINTE HEALTH CAMPUS,Data Submitted,0,< 5,0
143,CUMBERLAND TRACE HEALTH & LIVING COMMUNITY,Data Submitted,24,17,< 5
144,DECATUR TOWNSHIP CENTER,Data Submitted,24,10,6
145,DEMAREE CROSSING ASSISTED LIVING AND MEMORY CARE,Data Submitted,< 5,0,< 5
146,DIGBY PLACE,Data Submitted,0,< 5,0
147,DIVERSICARE OF PROVIDENCE,Data Submitted,102,35,33
148,DYER NURSING AND REHABILITATION CENTER,Data Submitted,113,28,20
149,EAGLE CREEK HEALTHCARE CENTER,Data Submitted,< 5,< 5,< 5
150,EASTLAKE TERRACE,Data Submitted,< 5,< 5,< 5
151,ELKHART PLACE,Data Submitted,< 5,0,0
152,ELMCROFT OF MUNCIE,Data Submitted,9,< 5,< 5
153,ELWOOD HEALTH AND LIVING,Data Submitted,0,0,0
154,EMERALD PLACE,Data Submitted,0,0,0
155,ENGLEWOOD HEALTH & REHABILITATION CENTER,Data Submitted,22,10,6
156,ENMOTION RECOVERY CARE,Data Submitted,5,< 5,0
157,ESPECIALLY KIDZ HEALTH & REHAB,Data Submitted,0,< 5,0
158,ESSEX NURSING AND REHABILITATION CENTER,Data Submitted,0,0,0
159,EVANSVILLE PROTESTANT HOME,Data Submitted,0,< 5,0
160,EVERGREEN CROSSING AND THE LOFTS,Data Submitted,< 5,< 5,< 5
161,EVERGREEN VILLAGE AT BLOOMINGTON,Data Submitted,0,0,0
162,EXCEPTIONAL LIVING CENTER OF BRAZIL,Data Submitted,8,15,0
163,FIVE STAR RESIDENCES OF BANTA POINTE,Data Submitted,0,< 5,0
164,FIVE STAR RESIDENCES OF CLEARWATER,Data Submitted,0,0,0
165,FIVE STAR RESIDENCES OF FORT WAYNE,Data Submitted,0,< 5,0
166,FIVE STAR RESIDENCES OF LAFAYETTE,Data Submitted,0,0,0
167,FIVE STAR RESIDENCES OF NOBLESVILLE,Data Submitted,0,< 5,0
168,FIVE STAR RESIDENCES OF NORTHWOODS,Data Submitted,0,0,0
169,FLATROCK RIVER LODGE,Data Submitted,0,< 5,0
170,FOREST PARK HEALTH CAMPUS,Data Submitted,43,27,< 5
171,FORUM AT THE CROSSING,Data Submitted,31,20,8
172,FOUR SEASONS RETIREMENT CENTER,Data Submitted,38,29,11
173,FRANCISCAN HEALTH ALTERNACARE,Data Submitted,0,0,0
174,FREELANDVILLE COMMUNITY HOME,Data Submitted,0,0,0
175,FRIENDS FELLOWSHIP COMMUNITY,Data Submitted,< 5,8,< 5
176,GARDEN VILLA - BEDFORD,Data Submitted,0,6,0
177,GARDEN VILLA - BLOOMINGTON,Data Submitted,0,< 5,0
178,GENTLECARE OF VINCENNES,Data Submitted,0,< 5,0
179,GENTRY PARK,Data Submitted,0,< 5,0
180,GEORGE ADE MEMORIAL HEALTH CARE CENTER,Data Submitted,< 5,< 5,0
181,GEORGETOWN PLACE,Data Submitted,0,0,0
182,GLASSWATER CREEK OF LAFAYETTE,Data Submitted,< 5,< 5,0
183,GLASSWATER CREEK OF PLAINFIELD,Data Submitted,0,0,0
184,GLEN OAKS HEALTH CAMPUS,Data Submitted,6,< 5,0
185,GOLDEN LIVING CENTER - BLOOMINGTON,Data Submitted,44,19,18
186,GOLDEN LIVING CENTER - BRANDYWINE,Data Submitted,0,5,0
187,GOLDEN LIVING CENTER - BRENTWOOD,Data Submitted,55,9,< 5
188,GOLDEN LIVING CENTER - BROOKVIEW,Data Submitted,45,5,8
189,GOLDEN LIVING CENTER - ELKHART,Data Submitted,36,7,8
190,GOLDEN LIVING CENTER - FOUNTAINVIEW,Data Submitted,5,< 5,< 5
191,GOLDEN LIVING CENTER - FOUNTAINVIEW PLACE,Data Submitted,< 5,9,0
192,GOLDEN LIVING CENTER - FOUNTAINVIEW TERRACE,Data Submitted,65,26,13
193,GOLDEN LIVING CENTER - GOLDEN RULE,Data Submitted,5,14,0
194,GOLDEN LIVING CENTER - INDIANAPOLIS,Data Submitted,0,< 5,0
195,GOLDEN LIVING CENTER - KNOX,Data Submitted,0,< 5,0
196,GOLDEN LIVING CENTER - LAPORTE,Data Submitted,7,< 5,0
197,GOLDEN LIVING CENTER - LINCOLN HILLS,Data Submitted,< 5,< 5,< 5
198,GOLDEN LIVING CENTER - MERRILLVILLE,Data Submitted,34,29,7
199,GOLDEN LIVING CENTER - MUNCIE,Data Submitted,11,5,0
200,GOLDEN LIVING CENTER - PETERSBURG,Data Submitted,0,0,0
201,GOLDEN LIVING CENTER - RICHMOND,Data Submitted,< 5,6,< 5
202,GOLDEN LIVING CENTER - SYCAMORE VILLAGE,Data Submitted,16,6,< 5
203,GOLDEN LIVING CENTER - VALPARAISO,Data Submitted,< 5,10,0
204,GOLDEN LIVING CENTER - WILLOW SPRINGS,Data Submitted,57,9,15
205,GOLDEN LIVING CENTER - WOODBRIDGE,Data Submitted,0,0,0
206,GOLDEN LIVING CENTER - WOODLANDS,Data Submitted,0,< 5,0
207,GOLDEN LIVING CENTER - MISHAWAKA,Data Submitted,0,0,0
208,GOLDEN YEARS HOMESTEAD,Data Submitted,7,8,0
209,GOOD SAMARITAN HOME HEALTH CENTER,Data Submitted,27,19,< 5
210,GOOD SAMARITAN SOCIETY NORTHWOOD RETIREMENT COMM,Data Submitted,14,11,< 5
211,GOOD SAMARITAN SOCIETY SHAKAMAK RETIREMENT COMM,Data Submitted,0,0,0
212,GRACE VILLAGE HEALTH CARE FACILITY,Data Submitted,17,23,< 5
213,GRAND BROOK MEMORY CARE OF FISHERS,Data Submitted,8,< 5,< 5
214,GRAND BROOK MEMORY CARE OF GREENWOOD,Data Submitted,0,0,0
215,GRAND BROOK MEMORY CARE OF ZIONSVILLE,Data Submitted,5,0,< 5
216,GRAND EMERALD PLACE,Data Submitted,0,< 5,0
217,GRAND VALLEY GARDENS ASSISTED LIVING FACILITY,Data Submitted,0,< 5,0
218,GRAND VALLEY HEALTH & REHAB,Data Submitted,< 5,< 5,< 5
219,GREAT LAKES HEALTHCARE CENTER,Data Submitted,20,7,< 5
220,GREEN HOUSE COTTAGES OF CARMEL,Data Submitted,< 5,< 5,< 5
221,GREEN HOUSE VILLAGE OF GOSHEN,Data Submitted,0,< 5,0
222,GREEN VALLEY CARE CENTER,Data Submitted,56,34,7
223,GREENBRIAR VILLAGE,Data Submitted,9,0,< 5
224,GREENCROFT HEALTHCARE,Data Submitted,39,31,10
225,GREENFIELD HEALTHCARE CENTER,Data Submitted,77,15,21
226,GREENHILL MANOR,Data Submitted,0,0,0
227,GREENLEAF HEALTH CAMPUS,Data Submitted,46,31,18
228,GREENWOOD HEALTH AND LIVING COMMUNITY,Data Submitted,< 5,0,0
229,GREENWOOD HEALTHCARE CENTER,Data Submitted,191,22,36
230,GREENWOOD VILLAGE SOUTH,Data Submitted,< 5,12,0
231,GREY STONE HEALTH & REHABILITATION CENTER,Data Submitted,< 5,< 5,0
232,HAMILTON GROVE,Data Submitted,39,25,16
233,HAMILTON PLACE,Data Submitted,0,0,0
234,HAMILTON TRACE OF FISHERS,Data Submitted,48,19,17
235,HAMMOND-WHITING CARE CENTER,Data Submitted,53,14,13
236,HAMPTON OAKS HEALTH CAMPUS,Data Submitted,< 5,9,0
237,HANOVER NURSING CENTER,Data Submitted,0,< 5,0
238,HARBOUR MANOR HEALTH & LIVING COMMUNITY,Data Submitted,12,7,< 5
239,HARRISON HEALTHCARE CENTER,Data Submitted,62,13,19
240,HARRISON SPRINGS HEALTH CAMPUS,Data Submitted,0,< 5,0
241,HARRISON'S CROSSING HEALTH CAMPUS,Data Submitted,< 5,< 5,< 5
242,HARTSFIELD VILLAGE ASSISTED LIVING,Data Submitted,< 5,< 5,< 5
243,HEALTH CENTER AT GLENBURN HOME,Data Submitted,97,34,31
244,HEALTHCARE CENTER AT WITTENBERG VILLAGE,Data Submitted,0,< 5,0
245,HEALTHWIN,Data Submitted,40,32,8
246,HEARTH AT WINDERMERE,Data Submitted,15,7,6
247,HEARTHSTONE HEALTH CAMPUS,Data Submitted,< 5,< 5,0
248,HELLENIC SENIOR LIVING OF ELKHART,Data Submitted,0,0,0
249,HELLENIC SENIOR LIVING OF INDIANAPOLIS,Data Submitted,0,0,0
250,HELLENIC SENIOR LIVING OF NEW ALBANY,Data Submitted,0,0,0
251,HERITAGE CENTER,Data Submitted,0,9,0
252,HERITAGE HEALTHCARE,Data Submitted,0,< 5,0
253,HERITAGE HOUSE OF GREENSBURG,Data Submitted,16,17,5
254,HERITAGE HOUSE OF NEW CASTLE,Data Submitted,0,5,0
255,HERITAGE HOUSE OF RICHMOND,Data Submitted,0,0,0
256,HERITAGE HOUSE OF SHELBYVILLE,Data Submitted,0,< 5,0
257,HERITAGE OF HUNTINGTON,Data Submitted,0,6,0
258,HERITAGE POINT ALZHEIMER'S SPECIAL CARE CENTER,Data Submitted,0,0,0
259,HERITAGE POINT OF WARREN,Data Submitted,< 5,10,0
260,HERITAGE POINTE OF FORT WAYNE,Data Submitted,11,9,< 5
261,HERITAGE WOODS OF NOBLESVILLE,Data Submitted,12,7,< 5
262,HHC-ASC ALLISONVILLE MEADOWS,Data Submitted,0,< 5,0
263,HHC-ASC ALLISONVILLE MEADOWS ASSISTED LIVING,Data Submitted,5,< 5,< 5
264,HHC-ASC AMERICAN VILLAGE,Data Submitted,76,13,13
265,HHC-ASC ARBOR GROVE VILLAGE,Data Submitted,31,15,9
266,HHC-ASC AUTUMN RIDGE REHABILITATION CENTRE,Data Submitted,0,0,0
267,HHC-ASC AVALON VILLAGE,Data Submitted,0,< 5,0
268,HHC-ASC BEECH GROVE MEADOWS,Data Submitted,16,5,< 5
269,HHC-ASC BEN HUR HEALTH AND REHAB,Data Submitted,64,9,18
270,HHC-ASC BETHANY VILLAGE,Data Submitted,0,5,0
271,HHC-ASC BETHANY VILLAGE ASSISTED LIVING,Data Submitted,< 5,< 5,0
272,HHC-ASC BETHLEHEM WOODS NURSING AND REHABILITATION,Data Submitted,68,18,24
273,HHC-ASC BETZ NURSING HOME,Data Submitted,< 5,0,0
274,HHC-ASC BROWNSBURG MEADOWS,Data Submitted,21,< 5,7
275,HHC-ASC CANTERBURY NURSING AND REHABILITATION CENTER,Data Submitted,23,12,< 5
276,HHC-ASC CARDINAL NURSING AND REHABILITATION CENTER,Data Submitted,97,14,19
277,HHC-ASC CLARK REHABILITATION AND SKILLED NURSING CENTER,Data Submitted,0,0,0
278,HHC-ASC CLINTON GARDENS,Data Submitted,0,< 5,0
279,HHC-ASC COLUMBIA HEALTHCARE CENTER,Data Submitted,< 5,5,0
280,HHC-ASC COMMUNITY NURSING AND REHABILITATION CENTER,Data Submitted,11,14,< 5
281,HHC-ASC COUNTRYSIDE MEADOWS,Data Submitted,59,10,12
282,HHC-ASC COVENTRY MEADOWS,Data Submitted,< 5,< 5,0
283,HHC-ASC CREEKSIDE VILLAGE,Data Submitted,46,36,13
284,HHC-ASC CYPRESS GROVE REHABILITATION CENTER,Data Submitted,0,< 5,0
285,HHC-ASC DANVILLE REGIONAL REHABILITATION,Data Submitted,12,6,0
286,HHC-ASC EAGLE VALLEY MEADOWS,Data Submitted,< 5,< 5,0
287,HHC-ASC EAST LAKE NURSING & REHABILITATION CENTER,Data Submitted,< 5,7,0
288,HHC-ASC EASTGATE MANOR NURSING & REHABILITATION CENTER,Data Submitted,0,< 5,0
289,HHC-ASC EDGEWATER WOODS,Data Submitted,0,0,0
290,HHC-ASC ELKHART MEADOWS,Data Submitted,8,15,< 5
291,HHC-ASC FAIRWAY VILLAGE,Data Submitted,41,11,13
292,HHC-ASC FOREST CREEK VILLAGE,Data Submitted,59,9,13
293,HHC-ASC FRANKLIN MEADOWS,Data Submitted,0,< 5,0
294,HHC-ASC GLENBROOK REHABILITATION & SKILLED NURSING CENTER,Data Submitted,0,5,0
295,HHC-ASC GOOD SAMARITAN HOME & REHABILITATIVE CENTER,Data Submitted,31,36,< 5
296,HHC-ASC GREENWOOD MEADOWS,Data Submitted,111,18,31
297,HHC-ASC HARCOURT TERRACE NURSING AND REHABILITATION,Data Submitted,36,7,9
298,HHC-ASC HARRISON TERRACE,Data Submitted,70,21,39
299,HHC-ASC HERITAGE HOUSE REHAB & HEALTH CARE CENTER,Data Submitted,47,16,6
300,HHC-ASC HERITAGE PARK,Data Submitted,79,15,25
301,HHC-ASC HERITAGE PARK COMMONS,Data Submitted,< 5,0,0
302,HHC-ASC HILLCREST VILLAGE,Data Submitted,27,5,< 5
303,HHC-ASC LAKE POINTE VILLAGE,Data Submitted,< 5,< 5,0
304,HHC-ASC LOWELL HEALTHCARE,Data Submitted,0,< 5,0
305,HHC-ASC MAPLE PARK VILLAGE,Data Submitted,< 5,0,< 5
306,HHC-ASC MARKLE HEALTH & REHABILITATION,Data Submitted,0,0,0
307,HHC-ASC MEADOW LAKES,Data Submitted,59,13,15
308,HHC-ASC MEADOW VIEW HEALTH AND REHABILITATION,Data Submitted,0,7,0
309,HHC-ASC MONTICELLO HEALTHCARE,Data Submitted,41,17,10
310,HHC-ASC MOUNT VERNON NURSINGAND REHABILITATION,Data Submitted,10,< 5,< 5
311,HHC-ASC NORTH CAPITOL NURSING & REHABILITATION CENTER,Data Submitted,< 5,< 5,0
312,HHC-ASC NORTH PARK NURSING CENTER,Data Submitted,< 5,7,0
313,HHC-ASC NORTH WOODS VILLAGE,Data Submitted,94,11,26
314,HHC-ASC PARK TERRACE VILLAGE,Data Submitted,0,< 5,0
315,HHC-ASC PRAIRIE VILLAGE NURSING & REHAB,Data Submitted,0,< 5,0
316,HHC-ASC RIVERSIDE VILLAGE,Data Submitted,45,< 5,12
317,HHC-ASC RIVERVIEW VILLAGE,Data Submitted,0,< 5,0
318,HHC-ASC RIVERWALK VILLAGE,Data Submitted,< 5,< 5,0
319,HHC-ASC ROSEBUD VILLAGE,Data Submitted,0,< 5,0
320,HHC-ASC ROSEGATE COMMONS ASST LIVING,Data Submitted,11,0,< 5
321,HHC-ASC ROSEGATE VILLAGE,Data Submitted,105,33,26
322,HHC-ASC ROSEWALK AT LUTHERWOODS,Data Submitted,< 5,< 5,0
323,HHC-ASC ROSEWALK VILLAGE,Data Submitted,5,< 5,0
324,HHC-ASC ROSEWALK VILLAGE OF LAFAYETTE,Data Submitted,55,13,5
325,HHC-ASC SALEM CROSSING,Data Submitted,0,< 5,0
326,HHC-ASC SEYMOUR CROSSING,Data Submitted,0,< 5,0
327,HHC-ASC SPRING MILL MEADOWS,Data Submitted,46,10,13
328,HHC-ASC SPRINGHILL VILLAGE,Data Submitted,0,< 5,0
329,HHC-ASC SPRINGS VALLEY MEADOWS,Data Submitted,0,< 5,0
330,HHC-ASC STONEBROOKE REHAB CENTER,Data Submitted,55,21,12
331,HHC-ASC SUMMIT CITY NURSING AND REHABILITATION,Data Submitted,< 5,6,0
332,HHC-ASC SWISS VILLA NURSING AND REHABILITATION,Data Submitted,0,< 5,0
333,HHC-ASC TIMBERS OF JASPER,Data Submitted,0,< 5,0
334,HHC-ASC TODD-DICKEY NURSING AND REHABILITATION,Data Submitted,< 5,< 5,0
335,HHC-ASC TRAILPOINT VILLAGE,Data Submitted,57,26,< 5
336,HHC-ASC UNIVERSITY NURSING CENTER,Data Submitted,0,8,0
337,HHC-ASC VALPARAISO CARE & REHABILITATION,Data Submitted,0,6,0
338,HHC-ASC WASHINGTON HEALTHCARE CENTER,Data Submitted,30,9,8
339,HHC-ASC WATERS EDGE VILLAGE,Data Submitted,10,14,< 5
340,HHC-ASC WEST BEND NURSING AND REHABILITATION,Data Submitted,46,13,9
341,HHC-ASC WESTVIEW NURSING AND REHABILITATION CENTER,Data Submitted,28,9,7
342,HHC-ASC WILLIAMSPORT NURSING AND REHABILITATION,Data Submitted,0,0,0
343,HHC-ASC WILLOWDALE VILLAGE,Data Submitted,< 5,0,0
344,HHC-ASC ZIONSVILLE MEADOWS,Data Submitted,19,< 5,5
345,HI JILL'S HOUSE,Data Submitted,0,< 5,0
346,HICKORY CREEK AT COLUMBUS,Data Submitted,0,< 5,0
347,HICKORY CREEK AT CONNERSVILLE,Data Submitted,0,< 5,0
348,HICKORY CREEK AT CRAWFORDSVILLE,Data Submitted,0,0,0
349,HICKORY CREEK AT FRANKLIN,Data Submitted,0,0,0
350,HICKORY CREEK AT GREENSBURG,Data Submitted,0,< 5,0
351,HICKORY CREEK AT HUNTINGTON,Data Submitted,0,< 5,0
352,HICKORY CREEK AT KENDALLVILLE,Data Submitted,0,0,0
353,HICKORY CREEK AT MADISON,Data Submitted,0,< 5,0
354,HICKORY CREEK AT NEW CASTLE,Data Submitted,< 5,0,< 5
355,HICKORY CREEK AT PERU,Data Submitted,0,0,0
356,HICKORY CREEK AT ROCHESTER,Data Submitted,0,0,0
357,HICKORY CREEK AT SCOTTSBURG,Data Submitted,0,0,0
358,HICKORY CREEK AT SUNSET,Data Submitted,0,0,0
359,HICKORY CREEK AT WINAMAC,Data Submitted,0,0,0
360,HILDEGARD HEALTH CENTER,Data Submitted,0,< 5,0
361,HILLSIDE MANOR NURSING HOME,Data Submitted,0,0,0
362,HOLY CROSS VILLAGE AT NOTRE DAME,Data Submitted,0,16,0
363,HOMESTEAD HEALTHCARE CENTER,Data Submitted,< 5,< 5,< 5
364,HOMEVIEW CENTER OF FRANKLIN,Data Submitted,0,0,0
365,HOMEWOOD HEALTH CAMPUS,Data Submitted,44,15,19
366,HOOSIER CHRISTIAN VILLAGE,Data Submitted,0,< 5,0
367,HOOSIER VILLAGE,Data Submitted,14,20,< 5
368,HOOVERWOOD,Data Submitted,42,42,19
369,HUBBARD HILL ESTATES,Data Submitted,14,21,< 5
370,INDIAN CREEK HEALTHCARE CENTER,Data Submitted,< 5,< 5,0
371,INDIANA VETERANS HOME,Data Submitted,0,< 5,0
372,JEWEL PLACE,Data Submitted,0,0,0
373,JOURNEY SENIOR LIVING OF MERRILLVILLE,Data Submitted,0,0,0
374,JOURNEY SENIOR LIVING OF VALPARAISO,Data Submitted,0,< 5,0
375,KEEPSAKE VILLAGE OF COLUMBUS,Data Submitted,16,5,< 5
376,KENDALLVILLE MANOR,Data Submitted,0,< 5,0
377,KESSLERWOOD PLACE,Data Submitted,33,9,13
378,KEYSTONE WOODS,Data Submitted,0,0,0
379,KINGSTON AT DUPONT,Data Submitted,0,< 5,0
380,KINGSTON CARE CENTER OF FORT WAYNE,Data Submitted,52,43,15
381,KINGSTON RESIDENCE OF FORT WAYNE,Data Submitted,0,< 5,0
382,KOKOMO HEALTHCARE CENTER,Data Submitted,39,< 5,< 5
383,KOKOMO PLACE,Data Submitted,0,< 5,0
384,LAFAYETTE BICKFORD COTTAGE,Data Submitted,0,0,0
385,LAKE CITY PLACE,Data Submitted,0,0,0
386,LAKE COUNTY NURSING AND REHABILITATION CENTER,Data Submitted,21,9,< 5
387,LAKE PARK RESIDENTIAL CARE,Data Submitted,0,< 5,0
388,LAKEVIEW MANOR,Data Submitted,19,< 5,0
389,LAMPLIGHT INN OF FORT WAYNE,Data Submitted,0,0,0
390,LEGACY LIVING OF JASPER,Data Submitted,0,0,0
391,LIBERTY VILLAGE,Data Submitted,33,14,12
392,LIFE CARE CENTER OF FORT WAYNE,Data Submitted,0,18,0
393,LIFE CARE CENTER OF LAGRANGE,Data Submitted,< 5,< 5,0
394,LIFE CARE CENTER OF MICHIGAN CITY,Data Submitted,< 5,< 5,0
395,LIFE CARE CENTER OF ROCHESTER,Data Submitted,0,< 5,0
396,LIFE CARE CENTER OF THE WILLOWS,Data Submitted,51,18,11
397,LIFE CARE CENTER OF VALPARAISO,Data Submitted,0,8,0
398,LINCOLN HILLS OF NEW ALBANY,Data Submitted,38,9,< 5
399,LINCOLNSHIRE HEALTH & REHABILITATION CENTER,Data Submitted,11,11,< 5
400,LINCOLNSHIRE PLACE - FORT WAYNE,Data Submitted,0,< 5,0
401,LINDBERG CROSSING SENIOR LIVING,Data Submitted,< 5,< 5,< 5
402,LODGE OF THE WABASH,Data Submitted,34,13,< 5
403,LOOGOOTEE HEALTHCARE & REHABILITATION CENTER,Data Submitted,0,< 5,0
404,LOOGOOTEE NURSING CENTER,Data Submitted,< 5,< 5,0
405,LUTHERAN COMMUNITY HOME,Data Submitted,25,20,< 5
406,LUTHERAN LIFE VILLAGES,Data Submitted,50,26,16
407,LUTHERAN LIFE VILLAGES AT KENDALLVILLE,Data Submitted,66,23,13
408,LUTHERAN LIFE VILLAGES AT PINE VALLEY,Data Submitted,< 5,< 5,0
409,LYND PLACE,Data Submitted,10,< 5,5
410,LYNHURST HEALTHCARE,Data Submitted,22,5,< 5
411,MAJESTIC CARE OF AVON,Data Submitted,11,< 5,< 5
412,MAJESTIC CARE OF CONNERSVILLE,Data Submitted,53,18,< 5
413,MAJESTIC CARE OF FORT WAYNE,Data Submitted,42,< 5,6
414,MAJESTIC CARE OF NEW HAVEN,Data Submitted,9,10,0
415,MAJESTIC CARE OF NORTH VERNON,Data Submitted,24,7,8
416,MAJESTIC CARE OF SHERIDAN,Data Submitted,0,< 5,0
417,MAJESTIC CARE OF WEST ALLEN,Data Submitted,39,18,< 5
418,MANDERLEY HEALTH CARE CENTER,Data Submitted,0,< 5,0
419,MANOR CARE HEALTH SERVICES SUMMER TRACE,Data Submitted,< 5,< 5,0
420,MANORCARE HEALTH SERVICES,Data Submitted,< 5,< 5,< 5
421,MAPLE MANOR CHRISTIAN HOME,Data Submitted,0,< 5,0
422,MARQUETTE,Data Submitted,17,14,8
423,MASON HEALTH CARE CENTER,Data Submitted,18,11,5
424,MCCORDSVILLE SENIOR LIVING,Data Submitted,6,< 5,5
425,MCGIVNEY HEALTH CARE CENTER,Data Submitted,17,< 5,< 5
426,MCKINNEY PLACE,Data Submitted,0,< 5,0
427,MEADOW BROOK SENIOR LIVING,Data Submitted,0,0,0
428,MEADOWOOD HEALTH PAVILION,Data Submitted,< 5,8,0
429,MEADOWS MANOR EAST,Data Submitted,11,17,6
430,MEADOWS MANOR NORTH,Data Submitted,0,0,0
431,MEMORIAL HOSPITAL - SKILLED CARING CENTER,Data Submitted,< 5,5,0
432,MERIDIAN NURSING AND REHABILITATION CENTER,Data Submitted,16,6,< 5
433,MIDDLETOWN NURSING AND REHABILITATION CENTER,Data Submitted,< 5,< 5,0
434,MILL POND HEALTH CAMPUS,Data Submitted,< 5,< 5,0
435,MILLER BEACH TERRACE,Data Submitted,0,0,0
436,MILLER'S AT OAK POINTE,Data Submitted,0,< 5,0
437,MILLER'S HEALTH & REHAB,Data Submitted,< 5,< 5,0
438,MILLER'S MERRY MANOR - CHESTERFIELD,Data Submitted,0,< 5,0
439,MILLER'S MERRY MANOR - COLUMBIA CITY,Data Submitted,0,9,0
440,MILLER'S MERRY MANOR - CULVER,Data Submitted,0,< 5,0
441,MILLER'S MERRY MANOR - DUNKIRK,Data Submitted,0,< 5,0
442,MILLER'S MERRY MANOR - FORT WAYNE,Data Submitted,7,< 5,< 5
443,MILLER'S MERRY MANOR - GARRETT,Data Submitted,0,0,0
444,MILLER'S MERRY MANOR - HARTFORD CITY,Data Submitted,0,< 5,0
445,MILLER'S MERRY MANOR - HOBART,Data Submitted,31,8,7
446,MILLER'S MERRY MANOR - HOPE,Data Submitted,18,8,< 5
447,MILLER'S MERRY MANOR - HUNTINGTON,Data Submitted,0,8,0
448,MILLER'S MERRY MANOR - INDY EAST,Data Submitted,52,18,9
449,MILLER'S MERRY MANOR - LAGRANGE,Data Submitted,0,< 5,0
450,MILLER'S MERRY MANOR - LOGANSPORT,Data Submitted,28,20,0
451,MILLER'S MERRY MANOR - MARION,Data Submitted,0,< 5,0
452,MILLER'S MERRY MANOR - MIDDLETOWN,Data Submitted,0,0,0
453,MILLER'S MERRY MANOR - MOORESVILLE,Data Submitted,< 5,0,0
454,MILLER'S MERRY MANOR - NEW CARLISLE,Data Submitted,< 5,< 5,0
455,MILLER'S MERRY MANOR - PERU,Data Submitted,< 5,5,0
456,MILLER'S MERRY MANOR - PLYMOUTH,Data Submitted,61,38,19
457,MILLER'S MERRY MANOR - ROCKPORT,Data Submitted,< 5,6,0
458,MILLER'S MERRY MANOR - RUSHVILLE,Data Submitted,0,0,0
459,MILLER'S MERRY MANOR - SULLIVAN,Data Submitted,24,11,7
460,MILLER'S MERRY MANOR - SYRACUSE,Data Submitted,< 5,< 5,0
461,MILLER'S MERRY MANOR - TIPTON,Data Submitted,78,23,17
462,MILLER'S MERRY MANOR - WABASH EAST,Data Submitted,< 5,< 5,0
463,MILLER'S MERRY MANOR - WABASH WEST,Data Submitted,0,< 5,0
464,MILLER'S MERRY MANOR - WAKARUSA,Data Submitted,70,30,11
465,MILLER'S MERRY MANOR - WALKERTON,Data Submitted,0,< 5,0
466,MILLER'S MERRY MANOR - WARSAW,Data Submitted,9,11,0
467,MILLER'S SENIOR LIVING COMMUNITY,Data Submitted,22,13,7
468,MILNER COMMUNITY HEALTH CARE,Data Submitted,0,< 5,0
469,MITCHELL MANOR,Data Submitted,46,9,14
470,MONROE PLACE,Data Submitted,< 5,0,< 5
471,MORGANTOWN HEALTH CARE,Data Submitted,0,0,0
472,MORNING BREEZE RETIREMENT COMMUNITY AND HEALTHCARE,Data Submitted,34,18,9
473,MORNING POINTE OF FRANKLIN,Data Submitted,< 5,< 5,< 5
474,MORNING VIEW NURSING AND REHABILITATION CENTER,Data Submitted,< 5,0,< 5
475,MORRISON WOODS HEALTH CAMPUS,Data Submitted,< 5,< 5,0
476,MORRISTOWN MANOR,Data Submitted,60,16,14
477,MULBERRY HEALTH & REHABILITATION CENTER,Data Submitted,44,47,8
478,MUNSTER MED-INN,Data Submitted,54,24,17
479,NEW ALBANY NURSING AND REHABILITATION CENTER,Data Submitted,51,5,< 5
480,NEWBURGH HEALTH CARE,Data Submitted,7,9,< 5
481,NORTH RIDGE VILLAGE NURSING & REHABILITATION CENTER,Data Submitted,< 5,< 5,0
482,NORTH RIVER HEALTH CAMPUS,Data Submitted,< 5,< 5,0
483,NORTH WOODS VILLAGE AT EDISON LAKES,Data Submitted,19,9,< 5
484,NORTH WOODS VILLAGE AT INVERNESS LAKE,Data Submitted,< 5,< 5,0
485,NORTHERN LAKES NURSING AND REHABILITATION CENTER,Data Submitted,0,< 5,0
486,NORTHVIEW HEALTH AND LIVING,Data Submitted,0,< 5,0
487,NORTHWEST MANOR HEALTH CARE CENTER,Data Submitted,74,55,23
488,OAK GROVE CHRISTIAN RETIREMENT VILLAGE,Data Submitted,0,< 5,0
489,OAK VILLAGE,Data Submitted,0,< 5,0
490,OAKBROOK VILLAGE,Data Submitted,0,0,0
491,OAKWOOD HEALTH CAMPUS,Data Submitted,36,20,12
492,OASIS AT 30TH,Data Submitted,< 5,0,0
493,OASIS AT 56TH,Data Submitted,0,0,0
494,OASIS DEMENTIA CARE,Data Submitted,5,< 5,0
495,ORCHARD POINTE HEALTH CAMPUS,Data Submitted,0,< 5,0
496,OSSIAN HEALTH CARE AND REHABILITATION CENTER,Data Submitted,15,10,< 5
497,OTTERBEIN FRANKLIN SENIORLIFE COMM & COM CARE,Data Submitted,60,35,18
498,OWEN VALLEY HEALTH CAMPUS,Data Submitted,0,< 5,0
499,PADDOCK SPRINGS,Data Submitted,< 5,6,< 5
500,PAOLI HEALTH AND LIVING COMMUNITY,Data Submitted,75,26,19
501,PARK PLACE HEALTH AND WELLNESS CENTER,Data Submitted,< 5,< 5,0
502,PARK PLACE SENIOR LIVING,Data Submitted,< 5,8,< 5
503,PARKER HEALTH CARE & REHABILITATION CENTER,Data Submitted,0,5,0
504,PARKVIEW CARE CENTER,Data Submitted,0,< 5,0
505,PARKVIEW HAVEN,Data Submitted,0,0,0
506,PEABODY RETIREMENT COMMUNITY,Data Submitted,8,75,< 5
507,PERSIMMON RIDGE REHABILITATION CENTRE,Data Submitted,20,5,< 5
508,PILGRIM MANOR,Data Submitted,0,< 5,0
509,PINE HAVEN HEALTH AND REHABILITATION CENTER,Data Submitted,41,14,5
510,PINE KNOLL ASSISTED LIVING CENTER,Data Submitted,0,0,0
511,PINEKNOLL REHABILITATION CENTRE,Data Submitted,0,0,0
512,PLAINFIELD HEALTH CARE CENTER,Data Submitted,< 5,< 5,< 5
513,PLEASANT VIEW LODGE,Data Submitted,0,< 5,0
514,PORTAGE MANOR HEALTH CARE FACILITY,Data Submitted,8,< 5,0
515,PRAIRIE LAKES HEALTH CAMPUS,Data Submitted,7,10,0
516,PREMIER HEALTHCARE OF NEW HARMONY,Data Submitted,0,0,0
517,PRESENCE SACRED HEART HOME,Data Submitted,28,7,11
518,PRIMROSE MEMORY CARE OF ANDERSON,Data Submitted,0,0,0
519,PRIMROSE OF MISHAWAKA,Data Submitted,< 5,< 5,0
520,PRIMROSE OF NEWBURGH,Data Submitted,0,0,0
521,PRIMROSE RETIREMENT COMMUNITY OF ANDERSON,Data Submitted,0,0,0
522,PRIMROSE RETIREMENT COMMUNITY OF KOKOMO,Data Submitted,< 5,< 5,< 5
523,PROVIDENCE ANDERSON,Data Submitted,8,< 5,6
524,PROVIDENCE HEALTH CARE CENTER,Data Submitted,0,7,0
525,PULASKI HEALTH CARE CENTER,Data Submitted,0,< 5,0
526,RANDOLPH NURSING HOME,Data Submitted,< 5,0,0
527,RAWLINS HOUSE HEALTH & LIVING COMMUNITY,Data Submitted,10,7,< 5
528,REHABILITATION CENTER AT HARTSFIELD VILLAGE,Data Submitted,6,< 5,< 5
529,RENSSELAER CARE CENTER,Data Submitted,0,< 5,0
530,RESIDENCES AT COFFEE CREEK,Data Submitted,0,< 5,0
531,RESIDENCES AT DEER CREEK,Data Submitted,< 5,< 5,0
532,RETREAT AT THE STRATFORD,Data Submitted,15,16,5
533,RICHLAND BEAN BLOSSOM HEALTH CARE CENTER,Data Submitted,< 5,< 5,< 5
534,RIDGEWOOD HEALTH CAMPUS,Data Submitted,0,< 5,0
535,RIPLEY CROSSING,Data Submitted,0,< 5,0
536,RITTENHOUSE VILLAGE AT MICHIGAN CITY,Data Submitted,26,8,8
537,RITTENHOUSE VILLAGE AT NORTHSIDE,Data Submitted,< 5,0,< 5
538,RITTENHOUSE VILLAGE AT PORTAGE,Data Submitted,0,0,0
539,RITTENHOUSE VILLAGE AT VALPARAISO,Data Submitted,0,0,0
540,RIVER CROSSING ASSISTED LIVING,Data Submitted,0,< 5,0
541,RIVER POINTE HEALTH CAMPUS,Data Submitted,< 5,< 5,0
542,RIVER TERRACE HEALTH CAMPUS,Data Submitted,< 5,< 5,0
543,RIVER TERRACE HEALTH CARE CENTER,Data Submitted,0,< 5,0
544,RIVERBEND,Data Submitted,0,0,0
545,RIVEROAKS HEALTH CAMPUS,Data Submitted,< 5,< 5,0
546,RIVERWALK COMMUNITIES,Data Submitted,< 5,< 5,< 5
547,ROBIN RUN,Data Submitted,< 5,< 5,< 5
548,ROBIN RUN HEALTH CENTER,Data Submitted,33,13,5
549,ROLLING HILLS HEALTHCARE CENTER,Data Submitted,< 5,< 5,0
550,ROLLING MEADOWS HEALTH CARE CENTER,Data Submitted,45,10,10
551,ROLLING MEADOWS HEALTH CARE CENTER,Data Submitted,< 5,0,< 5
552,ROSE SENIOR LIVING CARMEL,Data Submitted,11,< 5,0
553,ROSEWOOD MANOR,Data Submitted,< 5,< 5,0
554,RURAL HEALTH CARE CENTER,Data Submitted,< 5,< 5,< 5
555,SAGE BLUFF HEALTH & REHAB CENTER,Data Submitted,0,0,0
556,SAINT ANNE COMMUNITIES - RANDALLIA PLACE,Data Submitted,0,9,0
557,SAINT ANNE COMMUNITIES - VICTORY NOLL,Data Submitted,0,0,0
558,SAINT ANTHONY - CROWN POINT,Data Submitted,79,28,23
559,SAINT ANTHONY REHAB AND NURSING CENTER,Data Submitted,0,< 5,0
560,SANCTUARY AT HOLY CROSS,Data Submitted,70,33,20
561,SANCTUARY AT ST PAUL'S,Data Submitted,20,16,7
562,SANDERS GLEN,Data Submitted,0,0,0
563,SCENIC HILLS AT THE MONASTERY,Data Submitted,< 5,6,< 5
564,SEBO'S NURSING AND REHABILITATION CENTER,Data Submitted,57,22,18
565,SELLERSBURG HEALTHCARE CENTER,Data Submitted,17,14,< 5
566,SENIOR SUITES AT THE LELAND,Data Submitted,0,0,0
567,SETTLERS PLACE,Data Submitted,0,0,0
568,SEYMOUR PLACE,Data Submitted,0,< 5,0
569,SHADY NOOK CARE CENTER,Data Submitted,57,17,18
570,SIGNATURE HEALTHCARE AT PARKWOOD,Data Submitted,34,23,5
571,SIGNATURE HEALTHCARE OF BLUFFTON,Data Submitted,< 5,< 5,< 5
572,SIGNATURE HEALTHCARE OF BREMEN,Data Submitted,< 5,5,0
573,SIGNATURE HEALTHCARE OF FORT WAYNE,Data Submitted,0,< 5,0
574,SIGNATURE HEALTHCARE OF LAFAYETTE,Data Submitted,12,5,0
575,SIGNATURE HEALTHCARE OF MUNCIE,Data Submitted,55,20,9
576,SIGNATURE HEALTHCARE OF NEWBURGH,Data Submitted,58,13,15
577,SIGNATURE HEALTHCARE OF SOUTH BEND,Data Submitted,0,< 5,0
578,SIGNATURE HEALTHCARE OF TERRE HAUTE,Data Submitted,14,19,0
579,SILVER BIRCH OF COOK ROAD,Data Submitted,0,0,0
580,SILVER BIRCH OF EVANSVILLE,Data Submitted,0,< 5,0
581,SILVER BIRCH OF FORT WAYNE,Data Submitted,0,< 5,0
582,SILVER BIRCH OF HAMMOND,Data Submitted,< 5,< 5,0
583,SILVER BIRCH OF KOKOMO,Data Submitted,< 5,0,0
584,SILVER BIRCH OF MICHIGAN CITY,Data Submitted,0,< 5,0
585,SILVER BIRCH OF MISHAWAKA,Data Submitted,0,< 5,0
586,SILVER BIRCH OF MUNCIE,Data Submitted,< 5,< 5,< 5
587,SILVER BIRCH OF TERRE HAUTE,Data Submitted,0,< 5,0
588,SILVER MEMORIES HEALTH CARE,Data Submitted,0,0,0
589,SILVER OAKS HEALTH CAMPUS,Data Submitted,5,< 5,< 5
590,SIMMONS LOVING CARE HEALTH FACILITY,Data Submitted,0,0,0
591,SOLARBON TERRACE,Data Submitted,< 5,5,0
592,SOUTH SHORE HEALTH & REHABILITATION CENTER,Data Submitted,34,16,8
593,SOUTHERN INDIANA REHABILITATION HOSPITAL,Data Submitted,5,< 5,< 5
594,SOUTHFIELD VILLAGE,Data Submitted,17,12,0
595,SOUTHPOINTE HEALTHCARE CENTER,Data Submitted,20,9,7
596,SOUTHWOOD HEALTHCARE CENTER,Data Submitted,46,18,6
597,SPRENGER HEALTH CARE OF MISHAWAKA,Data Submitted,< 5,< 5,0
598,SPRING MILL HEALTH CAMPUS,Data Submitted,9,6,0
599,SPRINGHURST HEALTH CAMPUS,Data Submitted,< 5,< 5,0
600,ST ANDREWS HEALTH CAMPUS,Data Submitted,< 5,< 5,0
601,ST AUGUSTINE HOME FOR THE AGED,Data Submitted,14,9,< 5
602,ST CHARLES HEALTH CAMPUS,Data Submitted,35,23,10
603,ST ELIZABETH HEALTHCARE CENTER,Data Submitted,42,37,11
604,ST MARY HEALTHCARE CENTER,Data Submitted,0,< 5,0
605,ST PAUL HERMITAGE,Data Submitted,6,11,< 5
606,STONEBRIDGE HEALTH CAMPUS,Data Submitted,< 5,< 5,< 5
607,STONECROFT HEALTH CAMPUS,Data Submitted,< 5,< 5,0
608,SUGAR CREEK REHABILITATION AND CONVALESCENT CENTER,Data Submitted,0,< 5,0
609,SUGAR FORK CROSSING,Data Submitted,< 5,0,0
610,SUGAR GROVE SENIOR LIVING,Data Submitted,0,0,0
611,SUMMERFIELD HEALTH CARE CENTER,Data Submitted,0,0,0
612,SUMMIT HEALTH AND LIVING,Data Submitted,18,27,< 5
613,SUMMIT PLACE WEST,Data Submitted,0,0,0
614,SUNRISE ON OLD MERIDIAN,Data Submitted,< 5,< 5,0
615,SWISS VILLAGE,Data Submitted,< 5,6,0
616,SYMPHONY OF CHESTERTON,Data Submitted,< 5,5,< 5
617,SYMPHONY OF CROWN POINT,Data Submitted,0,11,0
618,SYMPHONY OF DYER,Data Submitted,71,24,11
619,TANGLEWOOD TRACE,Data Submitted,0,< 5,0
620,THE CEDARS,Data Submitted,28,30,9
621,THE ENCLAVE SENIOR LIVING AT SAXONY,Data Submitted,13,< 5,6
622,THE HARRISON AT EAGLE VALLEY,Data Submitted,25,17,5
623,THE HEARTH AT JUDAY CREEK,Data Submitted,0,< 5,0
624,THE HEARTH AT PRESTWICK,Data Submitted,0,0,0
625,THE HEARTH AT STONES CROSSING,Data Submitted,23,5,5
626,THE HEARTH AT SYCAMORE VILLAGE,Data Submitted,< 5,0,0
627,THE HEARTH AT TUDOR GARDENS,Data Submitted,15,7,5
628,THE LANE HOUSE,Data Submitted,0,< 5,0
629,THE LAURELS OF DEKALB,Data Submitted,56,21,9
630,THE LODGE AT SUMMERS POINTE,Data Submitted,0,0,0
631,THE MANSION ON MAIN,Data Submitted,0,0,0
632,THE MILTON HOME,Data Submitted,< 5,< 5,< 5
633,THE RESTORACY OF WHITESTOWN,Data Submitted,< 5,< 5,0
634,THE SPRINGS OF LAFAYETTE,Data Submitted,0,< 5,0
635,THE SPRINGS OF MOORESVILLE,Data Submitted,8,6,< 5
636,THE SPRINGS OF RICHMOND,Data Submitted,< 5,< 5,< 5
637,THE TOWNE HOUSE RETIREMENT CENTER,Data Submitted,5,< 5,< 5
638,THE VILLAGE AT HAMILTON POINTE,Data Submitted,36,32,12
639,THE VILLAGES AT HISTORIC SILVERCREST,Data Submitted,21,13,< 5
640,THE WATERS OF BATESVILLE,Data Submitted,0,< 5,0
641,THE WATERS OF CLIFTY FALLS,Data Submitted,0,< 5,0
642,THE WATERS OF COVINGTON,Data Submitted,< 5,< 5,0
643,THE WATERS OF DILLSBORO - ROSS MANOR,Data Submitted,25,12,10
644,THE WATERS OF GREENCASTLE,Data Submitted,0,< 5,0
645,THE WATERS OF HUNTINGBURG,Data Submitted,0,< 5,0
646,THE WATERS OF INDIANAPOLIS,Data Submitted,61,16,14
647,THE WATERS OF LEBANON,Data Submitted,35,5,5
648,THE WATERS OF MARTINSVILLE,Data Submitted,32,11,9
649,THE WATERS OF MUNCIE,Data Submitted,0,< 5,0
650,THE WATERS OF NEW CASTLE,Data Submitted,0,0,0
651,THE WATERS OF PRINCETON,Data Submitted,0,5,0
652,THE WATERS OF RISING SUN,Data Submitted,24,19,8
653,THE WATERS OF SCOTTSBURG,Data Submitted,18,13,6
654,THE WELLINGTON AT SOUTHPORT,Data Submitted,0,< 5,0
655,THE WOODLANDS,Data Submitted,< 5,< 5,0
656,THORNTON TERRACE HEALTH CAMPUS,Data Submitted,< 5,< 5,0
657,TIMBER CREEK VILLAGE,Data Submitted,0,0,0
658,TIMBERCREST SENIOR LIVING COMMUNITY,Data Submitted,< 5,< 5,< 5
659,TIPTON PLACE,Data Submitted,0,< 5,0
660,TOWNE CENTRE ASSISTED LIVING,Data Submitted,< 5,< 5,0
661,TOWNE PARK ASSISTED LIVING,Data Submitted,0,0,0
662,TRADITIONS AT REAGAN PARK,Data Submitted,25,9,7
663,TRADITIONS AT SOLANA,Data Submitted,< 5,< 5,0
664,TRAIL CREEK PLACE - ASSISTED LIVING,Data Submitted,9,< 5,< 5
665,TRANCENDENT HEALTHCARE NORTH,Data Submitted,0,< 5,0
666,TRANQUILITY NURSING AND REHAB,Data Submitted,0,0,0
667,TRANSCENDENT HEALTHCARE OF BOONVILLE,Data Submitted,41,13,< 5
668,TRANSCENDENT HEALTHCARE OF OWENSVILLE,Data Submitted,0,< 5,0
669,TWIN CITY HEALTH CARE,Data Submitted,0,< 5,0
670,UNIVERSITY HEIGHTS HEALTH AND LIVING COMMUNITY,Data Submitted,6,7,< 5
671,UNIVERSITY NURSING AND REHABILITATION CENTER,Data Submitted,0,< 5,0
672,UNIVERSITY PLACE HEALTH CENTER AND ASSISTED LIVING,Data Submitted,0,0,0
673,VALLEY VIEW HEALTHCARE CENTER,Data Submitted,0,5,0
674,VANNONI LIVING CENTER,Data Submitted,0,0,0
675,VERMILLION CONVALESCENT CENTER,Data Submitted,0,< 5,0
676,VERMILLION PLACE,Data Submitted,0,0,0
677,VERNON HEALTH & REHABILITATION,Data Submitted,0,0,0
678,VILLAGES AT OAK RIDGE,Data Submitted,11,7,0
679,VILLAS OF GUERIN WOODS,Data Submitted,< 5,5,< 5
680,VILLAS OF HOLLY BROOK INDIANA,Data Submitted,0,0,0
681,VIRGINIA PLACE,Data Submitted,0,0,0
682,WABASH BICKFORD COTTAGE OPCO,Data Submitted,0,0,0
683,WALKER PLACE,Data Submitted,0,0,0
684,WALNUT CREEK ALZHEIMER'S,Data Submitted,< 5,< 5,0
685,WARSAW MEADOWS,Data Submitted,< 5,< 5,0
686,WASHINGTON NURSING CENTER,Data Submitted,< 5,< 5,0
687,WATERFORD AT EDISON LAKES,Data Submitted,< 5,< 5,0
688,WATERFORD CROSSING,Data Submitted,< 5,< 5,< 5
689,WATERFORD PLACE HEALTH CAMPUS,Data Submitted,0,0,0
690,WEDGEWOOD HEALTHCARE CENTER,Data Submitted,70,25,20
691,WELLBROOKE OF AVON,Data Submitted,10,< 5,< 5
692,WELLBROOKE OF CARMEL,Data Submitted,< 5,11,< 5
693,WELLBROOKE OF CRAWFORDSVILLE,Data Submitted,0,0,0
694,WELLBROOKE OF KOKOMO,Data Submitted,< 5,< 5,0
695,WELLBROOKE OF SOUTH BEND,Data Submitted,< 5,< 5,0
696,WELLBROOKE OF WABASH,Data Submitted,0,< 5,0
697,WELLBROOKE OF WESTFIELD,Data Submitted,< 5,7,< 5
698,WESLEY MANOR HEALTH CENTER,Data Submitted,0,7,0
699,WESLEYAN HEALTH CARE CENTER,Data Submitted,0,6,0
700,WEST RIVER HEALTH CAMPUS,Data Submitted,< 5,< 5,0
701,WESTMINSTER HEALTH CARE CENTER,Data Submitted,< 5,< 5,0
702,WESTMINSTER VILLAGE - MUNCIE,Data Submitted,0,< 5,0
703,WESTMINSTER VILLAGE - WEST LAFAYETTE,Data Submitted,0,8,0
704,WESTMINSTER VILLAGE HEALTH & REHAB,Data Submitted,< 5,< 5,< 5
705,WESTMINSTER VILLAGE NORTH,Data Submitted,20,26,14
706,WESTPARK A WATERS COMMUNITY,Data Submitted,82,< 5,16
707,WESTRIDGE HEALTH CARE CENTER,Data Submitted,0,< 5,0
708,WESTSIDE VILLAGE NURSING CENTER,Data Submitted,25,6,7
709,WHITE OAK HEALTH CAMPUS,Data Submitted,12,14,< 5
710,WHITE RIVER LODGE,Data Submitted,0,< 5,0
711,WHITEWATER COMMONS SENIOR LIVING,Data Submitted,0,< 5,0
712,WHITLOCK PLACE,Data Submitted,0,0,0
713,WICKSHIRE FORT HARRISON,Data Submitted,0,< 5,0
714,WICKSHIRE WEST LAFAYETTE,Data Submitted,0,0,0
715,WILDWOOD HEALTHCARE CENTER,Data Submitted,167,36,19
716,WILLOW CROSSING HEALTH & REHABILITATION CENTER,Data Submitted,28,15,0
717,WILLOW LAKE PLACE,Data Submitted,8,5,< 5
718,WILLOW MANOR,Data Submitted,0,< 5,0
719,WILLOWBEND LIVING CENTER,Data Submitted,0,< 5,0
720,WINDSOR RIDGE,Data Submitted,0,0,0
721,WINTERSONG VILLAGE,Data Submitted,0,0,0
722,WITHAM EXTENDED CARE,Data Submitted,0,0,0
723,WOOD RIDGE ASSISTED LIVING,Data Submitted,< 5,< 5,0
724,WOODBRIDGE HEALTH CAMPUS,Data Submitted,46,23,8
725,WOODLAND HILLS CARE CENTER,Data Submitted,< 5,< 5,0
726,WOODLAND MANOR,Data Submitted,< 5,< 5,0
727,WOODLAND TERRACE OF CARMEL,Data Submitted,< 5,< 5,< 5
728,WOODLAND TERRACE OF NEW PALESTINE,Data Submitted,< 5,0,< 5
729,WOODMONT HEALTH CAMPUS,Data Submitted,52,37,16
730,WOODVIEW A WATERS COMMUNITY,Data Submitted,0,< 5,0
731,WORTHINGTON PLACE,Data Submitted,0,0,0
732,WYNDMOOR ASSISTED LIVING,Data Submitted,0,< 5,0
733,WYNDMOOR OF CASTLETON,Data Submitted,0,0,0
734,WYNDMOOR OF EVANSVILLE,Data Submitted,0,0,0
735,WYNDMOOR OF MARION,Data Submitted,0,0,0
736,WYNDMOOR OF PORTAGE,Data Submitted,0,0,0
737,YORK PLACE,Data Submitted,0,< 5,0
738,YORKTOWN MANOR,Data Submitted,61,32,16
739,INDIANA MASONIC HOME HEALTH CENTER,Data Submitted,0,0,0
740,MILLER'S MERRY MANOR - PORTAGE,Data Submitted,35,15,13
741,ATRIA- NEWBURGH,Data Submitted,0,< 5,0
742,BELL TRACE SENIOR LIVING COMMUNITY,Data Submitted,< 5,0,0
743,CENTURY FIELDS RETIREMENT COMMUNITY,Data Submitted,5,< 5,< 5
744,HHC-ASC AMERICAN VILLAGE ASSISTED LIVING,Data Submitted,26,< 5,< 5
745,HHC-ASC BEECH GROVE MEADOWS ASSISTED LIVING,Data Submitted,< 5,0,< 5
746,HHC-ASC MEADOW LAKES ASSISTED LIVING,Data Submitted,8,0,< 5
747,HHC-ASC ZIONSVILLE MEADOWS ASSISTED LIVING,Data Submitted,0,0,0
748,HOLY CROSS HOUSE AT NOTRE DAME,Data Submitted,< 5,0,0
749,JEFFERSON MANOR,Data Submitted,0,< 5,0
750,MAGNOLIA SPRINGS BRIDGEWATER,Data Submitted,< 5,< 5,0
751,NORTHWOOD MANOR,Data Submitted,< 5,0,0
752,OSSIAN ASSISTED LIVING COMMUNITY,Data Submitted,0,0,0
753,PARK SQUARE MANOR,Data Submitted,0,0,0
754,SENIOR LIVING AT FOREST RIDGE,Data Submitted,0,0,0
755,SHEFFIELD MANOR,Data Submitted,9,< 5,0
756,SMITH FARMS MANOR,Data Submitted,0,0,0
757,SYCAMORE MANOR,Data Submitted,0,0,0
758,THE RESIDENCE AT WATERFORD CROSSING,Data Submitted,< 5,6,0
759,THE VILLAGE AT HOLIDAY HEALTHCARE,Data Submitted,0,< 5,0
760,TRAIL CREEK PLACE - MC,Data Submitted,< 5,0,< 5
761,WYNNFIELD CROSSING,Data Submitted,< 5,< 5,< 5
